CREATE TABLE sales (
  "customer_id" VARCHAR(1),
  "order_date" DATE,
  "product_id" INTEGER
);
INSERT INTO sales
  ("customer_id", "order_date", "product_id")
VALUES
  ('A', '2021-01-12', '1'),
  ('A', '2021-01-15', '2'),
  ('A', '2021-01-20', '1'),
  ('A', '2021-01-22', '3'),
  ('A', '2021-02-01', '1'),
  ('A', '2021-02-05', '2'),
  ('A', '2021-02-08', '3'),
  ('A', '2021-02-12', '1'),
  ('A', '2021-02-15', '2'),
  ('A', '2021-02-18', '3'),
  ('B', '2021-01-05', '2'),
  ('B', '2021-01-10', '3'),
  ('B', '2021-01-20', '2'),
  ('B', '2021-02-05', '1'),
  ('B', '2021-02-10', '3'),
  ('B', '2021-02-12', '2'),
  ('B', '2021-02-14', '3'),
  ('B', '2021-02-16', '1'),
  ('B', '2021-02-20', '2'),
  ('B', '2021-02-25', '3'),
  ('C', '2021-01-02', '2'),
  ('C', '2021-01-10', '2'),
  ('C', '2021-01-15', '1'),
  ('C', '2021-01-25', '3'),
  ('C', '2021-02-01', '1'),
  ('C', '2021-02-04', '2'),
  ('C', '2021-02-07', '3'),
  ('C', '2021-02-11', '1'),
  ('C', '2021-02-13', '2'),
  ('C', '2021-02-17', '3'),
  ('D', '2021-01-01', '1'),
  ('D', '2021-01-03', '2'),
  ('D', '2021-01-04', '3'),
  ('D', '2021-01-05', '1'),
  ('D', '2021-01-07', '2'),
  ('D', '2021-01-10', '3'),
  ('D', '2021-01-15', '2'),
  ('D', '2021-01-18', '3'),
  ('D', '2021-01-20', '1'),
  ('D', '2021-01-25', '2'),
  ('D', '2021-01-30', '3'),
  ('D', '2021-02-02', '1'),
  ('D', '2021-02-05', '2'),
  ('D', '2021-02-08', '3'),
  ('D', '2021-02-12', '1'),
  ('D', '2021-02-15', '2'),
  ('D', '2021-02-18', '3'),
  ('E', '2021-01-01', '3'),
  ('E', '2021-01-04', '2'),
  ('E', '2021-01-07', '1'),
  ('E', '2021-01-10', '3'),
  ('E', '2021-01-12', '1'),
  ('E', '2021-01-14', '2'),
  ('E', '2021-01-20', '3'),
  ('E', '2021-01-25', '1'),
  ('E', '2021-01-30', '2'),
  ('E', '2021-02-01', '3'),
  ('E', '2021-02-04', '1'),
  ('E', '2021-02-08', '2'),
  ('E', '2021-02-11', '3'),
  ('E', '2021-02-14', '1'),
  ('E', '2021-02-17', '2'),
  ('E', '2021-02-20', '3'),
  ('F', '2021-01-02', '1'),
  ('F', '2021-01-05', '2'),
  ('F', '2021-01-08', '3'),
  ('F', '2021-01-12', '1'),
  ('F', '2021-01-16', '2'),
  ('F', '2021-01-20', '3'),
  ('F', '2021-01-25', '1'),
  ('F', '2021-01-30', '2'),
  ('F', '2021-02-01', '3'),
  ('F', '2021-02-05', '1'),
  ('F', '2021-02-08', '2'),
  ('F', '2021-02-12', '3'),
  ('F', '2021-02-15', '1'),
  ('F', '2021-02-18', '2'),
  ('F', '2021-02-20', '3'),
  ('G', '2021-01-01', '2'),
  ('G', '2021-01-04', '3'),
  ('G', '2021-01-08', '1'),
  ('G', '2021-01-11', '2'),
  ('G', '2021-01-15', '3'),
  ('G', '2021-01-18', '1'),
  ('G', '2021-01-22', '2'),
  ('G', '2021-01-25', '3'),
  ('G', '2021-01-28', '1'),
  ('G', '2021-02-02', '2'),
  ('G', '2021-02-05', '3'),
  ('G', '2021-02-08', '1'),
  ('G', '2021-02-12', '2'),
  ('G', '2021-02-15', '3'),
  ('G', '2021-02-19', '1');


CREATE TABLE menu (
  "product_id" INTEGER,
  "product_name" VARCHAR(5),
  "price" INTEGER
);

INSERT INTO menu
  ("product_id", "product_name", "price")
VALUES
  ('1', 'sushi', '10'),
  ('2', 'curry', '15'),
  ('3', 'ramen', '12');


  CREATE TABLE members (
  "customer_id" VARCHAR(1),
  "join_date" DATE
);
INSERT INTO members
  ("customer_id", "join_date")
VALUES
  ('A', '2021-01-07'),
  ('B', '2021-01-09'),
  ('C', '2021-01-05'),
  ('D', '2021-01-03'),
  ('E', '2021-01-02'),
  ('F', '2021-01-04'),
  ('G', '2021-01-01');
